goal,steps,branching_step,options,op1_ra,op2_ra,type
go out for a picnic,"[decided to go out for a picnic, 
take a shower, 
get ready for the day, 
get in the car, 
drive to the park, 
park the car]",park the car,"park along the street
try to park inside the park","[1, 5]","[4, 7]",golden
buy fishing equipment,"[decided to buy fishing equipment, 
leave the house, 
get into car, 
drive to sporting goods store, 
park car at sporting goods store, 
walk into sporting goods store, 
locate fishing equipment, 
decide on what fishing equipment to buy]",decide on what fishing equipment to buy,"ask a salesman for recommendations
buy the cheapest option","[6, 7]","[0, 1, 2, 10]",golden
view the homes,"[make an appointment to view homes, 
put appointment in calendar, 
wait until time to meet, 
get in car, 
drive to prospective home, 
meet with realtor]",make an appointment to view homes,"call the agent to make an appointment
make an online booking",[7],"[0, 2]",golden
dig holes for plants,"[start digging holes in the yard for seed pots, 
put both hands on shovel, 
determine how deep to dig, 
raise shovel to chest height, 
forcefully put down shovel head into dirt, 
pick up dirt with shovel]",determine how deep to dig,"search online for the guidance based on the type of plants
ask a family member for suggections","[5, 10]","[0, 2, 6]",golden
go on a diet,"[decided to go on a diet, 
throw out old junk food, 
download food diary app, 
go on a diet, 
go to grocery store, 
buy healthy food, 
drive home after packing up car, 
prepare a healthy meal]",go to grocery store,"go to a general grocery store
go to an organic grocery store such as wholefoods","[1, 5]","[3, 7]",golden
work at a ramen shop,"[decided to work at a ramen shop, 
write a resume, 
write a cover letter, 
submit resume and cover letter to the ramen shop, 
wait for the ramen shop to get in touch, 
go in for an interview, 
accept a job offer]",submit resume and cover letter to the ramen shop,"print out everything and submit them to the ramen shop in person
submit the resume and cover letter online","[4, 7]","[0, 2]",golden
start practicing with friends,"[learn how to play football, 
contact friends to set up a time, 
set up a time, 
go when the time comes, 
greet the friends, 
start throwing footballs]",contact friends to set up a time,"make a public post about playing football in facebook group
call friends one at a time to see their available time","[0, 2]",[7],golden
try making bagels,"[decided to try making bagels, 
turn on the computer, 
open a web browswer, 
search the internet for how to make bagels, 
take notes on how to make bagels, 
drive to the store, 
buy ingredients at the store, 
follow the instructions to make bagels]",take notes on how to make bagels,"take notes on the easy recipes of making bagels
take notes on the delicious but difficult recipes of making bagels","[0, 2, 7, 9]","[5, 3]",golden
make a resume,"[decided to make a resume, 
turn on the computer, 
put in the password, 
navigate to microsoft word, 
open a resume template, 
fill out all information, 
make sure information is correct]",open a resume template,"find a template on the internet
ask a friend for resume template suggestions","[5, 10]","[0, 2]",golden
sign up for a marathon race,"[decided to sign up for a marathon race, 
take out a laptop, 
go on the internet, 
look up the website for the marathon, 
check payment options for the marathon, 
check the date of the marathon, 
start to enter personal info on the site]",look up the website for the marathon,"only search for marathons that are in the same city
search marathons that are in the nearby cities","[0, 2, 4]",[5],golden
buy tools for building,"[transport materials to the site, 
drive to the hardware store, 
grab a hammer, 
grab a drill, 
grab other tools needed, 
take tools to the checkout]",transport materials to the site,"rent a minivan for transportation
ask a friend or a family member for help","[5, 10]","[0, 1, 8]",golden
go the hockey game,"[decided to go the hockey game, 
search for tickets online, 
buy tickets online, 
get ready to leave the house, 
drive to the hockey game, 
wait in line at the hockey game, 
present hockey game tickets, 
take a seat in the arena]",search for tickets online,"look for official ticket platform
look for re-sale tickets on social media such as facebook groups","[0, 2, 5, 7]",[1],golden
sign new lease,"[submit application to landlord, 
wait patiently for landlord to make a decision, 
hand over deposit and first month rent check, 
sign new lease, 
landlord calls the tenant, 
answer cell phone, 
landlord reveals the good news to accept tenant, 
landlord meets with new tenants again]",sign new lease,"sign a long-term lease
sign the lease on a monthly or a quarterly basis, if possible","[0, 1, 2, 10]","[5, 6]",golden
buy a new dog,"[decided to buy a new dog, 
look up pet store on internet, 
browse pets on site, 
check for availability of pet, 
go to pet store, 
interact with various pets at store, 
walk up to cashier with pet]",interact with various pets at store,"bring some toys and see if they are playful
just sit there and observe the pets without doing anything","[5, 3, 4, 6, 7]","[0, 8]",golden
go back to college,"[decided to go back to college, 
search the internet for nearby colleges, 
see what majors are offered, 
prepare a college application, 
mail in the application, 
apply for loans, 
open acceptance letters, 
enroll in college]",prepare a college application,"prepare college application on your own
ask a friend or a family member for help",[10],[7],golden
adopt a cat,"[decided to adopt a cat, 
look up pet adoption places, 
drive to the pet adoption place, 
enter the pet adoption place, 
look at all the different cats, 
pick out a cat, 
write the legal paperwork, 
drive the cat home]",pick out a cat,"pick an adult cat
pick a kitty","[0, 1, 2, 7, 9]","[3, 6]",golden
make a masterpiece,"[decided to make a masterpiece, 
think of masterpiece to make, 
decide which masterpiece to make, 
sit down at computer, 
open up google and find supply store, 
order wood supplies needed for craft box, 
wait for supplies to arrive, 
carve/make wooden box until a crafted masterpiece is present]",decide which masterpiece to make,"start with something easy
start with a challenging option","[0, 2, 7, 9]",[3],golden
read books on religion,"[decided to read books on religion, 
get in the car, 
drive to the book store, 
go to the religion section, 
grab a book on religion, 
grab another book, 
purchase the books, 
drive back home]",drive to the book store,"drive to a department store with a book section
drive to a local book store",[4],"[5, 7]",golden
take items to counter and pay,"[pick out items to purchase, 
think if anything was forgotten, 
double check cost of items in cart, 
locate check out area, 
choose quickest checkout lane, 
pay for items when turn comes]",choose quickest checkout lane,"do a self-checkout
do a checkout at one of the counters","[2, 10]","[6, 7]",golden
walk to work!,"[decided to walk to work!, 
plan the walk with enough time, 
dress in work attire, 
put on comfortable shoes, 
walk out of house, 
lock the door]",plan the walk with enough time,"take the shortest route
take the route that is easy for walking",[2],"[0, 7]",golden
meet a girl,"[decided to meet a girl, 
download dating apps, 
create an account on dating apps, 
message women on dating app, 
arrange a date with someone, 
go on a date with a woman]",create an account on dating apps,"fill the profile as accurate as possible
only put in the good parts of yourself in the profile",[6],"[0, 2, 4, 7]",golden
make an impression on a girl at school,"[decided to make an impression on a girl at school, 
buy the girl presents, 
dress well to school, 
talk to the girl, 
present chocolate to the girl, 
buy the girl chocolate]",buy the girl presents,"ask the friends of the girl for gift ideas
ask the girl herself for what she likes",[4],"[7, 10]",golden
enter a relationship,"[decided to enter a relationship, 
turn on computer, 
post profile on online dating website, 
wait for possible matches, 
respond to match, 
go on a date with match, 
sleep with match]",go on a date with match,"go on date with only one match at a time
date more than one matches simultaneously",[0],[5],golden
walk to cashier with makeup selections,"[shop for makeup, 
look through make up, 
grab some makeup, 
put makeup on basket, 
walk out of makeup aisle, 
locate checkout area]",grab some makeup,"ask the salesman if you can try the makeup before buying it
search online to see the images of people using those makeup","[6, 7]",[10],golden
make a new salad,"[decided to make a new salad, 
look for salad recipes online, 
choose a salad recipe, 
gather the ingredients, 
gather the kitchen tools, 
put the ingredients in a bowl, 
mix up the ingredients, 
add salad dressing]",choose a salad recipe,"choose a salad that you have tried before
choose a salad that you have never tried",[7],"[5, 9]",golden
learn how to play tennis,"[decided to learn how to play tennis, 
look up the rules for tennis, 
go buy a tennis racket, 
buy some tennis shoes, 
find a tennis coach, 
practice with tennis coach]",go buy a tennis racket,"go to a sports supply shop and buy the racket
go to ebay.com to see if there is any cheap, used racket",[7],"[1, 5]",golden
learn a new instrument,"[decided to learn a new instrument, 
go to store to buy the instrument, 
take lessons from teacher, 
practice lessons at home, 
get new music to practice more, 
get feedback from friends]",go to store to buy the instrument,"get an used instrument at the store
buy a new one",[1],"[5, 7]",golden
select shade of yellow paint,"[head to home improvement store, 
park the car, 
get out car head inside store, 
enter and go to paint aisle, 
look around for yellow paint, 
grab paint pay for paint]",look around for yellow paint,"ask a salesman where is the yellow paint
check the store map or mobile app of the store for location of yellow paint","[0, 2, 7]",[10],golden
get a nice haircut,"[leave store and travel to barber, 
leave the car, 
enter the barber shop, 
ask barber for haircut, 
tell barber the style wanted, 
have a chit chat]",tell barber the style wanted,"ask the barber for hair style suggestions
show the barber pictures of the ideal hair style",[6],[2],golden
do an interview for the job,"[apply for the jobs, 
get called back about the job, 
make an appointment for a job interview, 
dress for the interview, 
walk to the car, 
drive to the job interview]",dress for the interview,"dress formally
dress casually",[4],"[0, 5, 8]",golden
try out for lacrosse,"[decided to try out for lacrosse, 
find out when tryouts are, 
practice for tryouts, 
improve lacrosse skills, 
stay after school for tryouts, 
go to the tryouts]",improve lacrosse skills,"improve lacrosse skills by learning from online tutorials
ask players on the school lacrosse team for suggestions on how to improve","[5, 10]",[6],golden
move belongings to new rural house,"[close escrow on new home, 
pack belongings into boxes, 
rent a moving truck, 
park back of truck in front of the door, 
load belongings into moving truck, 
drive truck to new house, 
move boxes into new house]",load belongings into moving truck,"load belongings with only one's hands
borrow or rent a moving cart to help loading",[8],"[0, 7]",golden
get in better shape,"[decided to get in better shape, 
make a list of healthy foods, 
write down an exercise regime, 
tape the paper with the regime to the fridge, 
do exercises off the list each day, 
track fitness progress with an app, 
buy the healthy foods each week, 
modify regime and diet based on results]",buy the healthy foods each week,"order healthy foods from wholefoods.com and get them delivered to you
go to grocery store every other day to get fresh foods",[0],[7],golden
practice piano with teacher,"[find the instructor, 
greet the instructor, 
look for a piano, 
walk towards piano, 
sit down at piano, 
put hands on piano]",find the instructor,"find a instructor by searching online
ask friends or families if they know any piano instructor","[5, 10]",[0],golden
graduate from college and honors program,"[take senior classes, 
finish senior classes with a passing grade, 
make to have met all the requirements to graduate, 
submit an application to graduate, 
order graduation invitations for family and friends, 
order cap and gown to wear at the ceremony, 
attend graduation ceremony in cap and gown, 
receive diploma in the mail later]",order cap and gown to wear at the ceremony,"order cap and gown from school bookstore
order cap and gown from a third-party, such as amazon.com or a local department store","[0, 10]","[1, 5, 6]",golden
make a new skirt,"[decided to make a new skirt, 
decide on pattern for skirt, 
purchase the material, 
cut out the pattern and material, 
pin the skirt together, 
sew the skirt]",cut out the pattern and material,"buy a sewing machine to cut the material
call local community center to see if a sewing machine is available","[5, 7]",[10],golden
locate the fertilizer,"[browse for a bit, 
find a salesperson, 
look down the aisles, 
locate the fertilizer, 
look at the signs above aisles, 
ask the salesperson, 
go where the salesperson has directed]",ask the salesperson,"ask for a specific brand/type of fertilizer
ask for general suggestions for fertilizer",[6],"[5, 9]",golden
meet up with ghost hunters,"[travel to ghost hunt location, 
park the vehicle, 
turn off the vehicle, 
exit the car, 
walk to ghost hunter location, 
enter the location, 
greet the others that are there]",park the vehicle,"park along the street
park in a gated garage",[8],[7],golden
stir the mixture of water and kool-aid,"[fill the pitcher with water, 
find spoon to stir, 
grab spoon with hand, 
bring spoon to pitcher, 
place spoon in pitcher, 
move arm in circles to stir]",move arm in circles to stir,"do not stop stirring until fullly mixed
during stirring, stop every once in a while to check if the mix is ready","[0, 2]",[7],golden
air out the musty basement,"[decided to air out the musty basement, 
put breathing mask on, 
put goggles on, 
go down stairs to get to basement, 
open the windows, 
go back upstairs]",put breathing mask on,"put on a reusable mask
put on an n-95 single-use mask",[3],[7],golden
greet the financial adviser,"[drive to appointment, 
walk to the financial advisor's office, 
walk to the front desk, 
check in at front desk, 
wait for the financial advisor's office, 
greet the financial adviser, 
enter the financial advisor's office]",wait for the financial advisor's office,"scrolling through social media during the wait time
go over potential topics to be discussed later","[0, 3]","[4, 7]",golden
place the skeleton on the counter,"[take the skeleton to the cashier, 
get close to counter, 
lift skeleton up, 
move skeleton towards counter, 
stop when the skeleton is directly above of the counter, 
drop the skeleton]",lift skeleton up,"life the skeleton on one's own
ask the cashier for help",[10],"[0, 7]",golden
buy milk from the store,"[decided to buy milk from the store, 
decide which store to go to, 
drive to the store, 
go into the store, 
look for the dairy section, 
find the milks in the refrigerators, 
decide which milk to buy, 
take milk and put in cart]",decide which store to go to,"go to the closest store
go to the store with the most options",[0],"[5, 4, 7]",golden
eat breakfast food,"[put on clothes, 
decide what he/she wants to eat, 
get ingredients out of the cabinet and refrigerator, 
prepare and cook the ingredients, 
put the finally prepared food on a plate, 
get utensils for eating from the drawer]",decide what he/she wants to eat,"decide on the foods based on calories in the food
decide on the foods based on time-consumption of preparation",[3],[2],golden
start taking a lunch to school,"[decided to start taking a lunch to school, 
buy ingredient to prepare for lunch, 
prepare and cook meal at home, 
pack lunch once finish cooking, 
place lunch in refrigeration, 
bring lunch to school]",prepare and cook meal at home,"prepare meals for a few days all at once
prepare only one meal at a time",[4],"[0, 5, 8]",golden
buy new door,"[go to store, 
drive to store, 
get out of car, lock the doors, 
walk towards enterance, 
walk into store, 
walk towards door department]",go to store,"drive to store
call an uber or lyft to the store","[1, 4]",[8],golden
take the groceries to the kitchen,"[unload the groceries from the car, 
close car up, 
lock the car, 
lift groceries up to holding position, 
walk towards house, 
open door to house, 
locate kitchen in house, 
walk into kitchen]",unload the groceries from the car,"unload all the groceries all at once
unload only the portion of the groceries that one is able to carry",[2],"[7, 9]",golden
lace up roller skates,"[put on skates, 
check the fit, 
wiggle feet to ensure a good fit, 
make sure wheels spin freely, 
grab right lace, 
grab left lace]",check the fit,"check the fit by trying to roll for a few steps
check the fit by wiggle feet back and forth",[7],[9],golden
have some drinks,"[decided to have some drinks, 
call friends and arrange to meet at a bar, 
take a shower, 
get dressed up, 
make sure id and money are in handbag, 
drive to the bar, 
meet up with friends]",call friends and arrange to meet at a bar,"call friends on group chats from social media
call each friend one by one through phone","[0, 2]",[7],golden
play a game during recess,"[decided to play a game during recess, 
find out who wants to play at recess, 
find out what everyone wants to play, 
agree upon a game and get the needed materials, 
meet outside on the playground at recess, 
pick teams and get ready to start the game]",find out what everyone wants to play,"start a poll in the social media
ask everyone just call out what they want",[7],[0],golden
get a copy of song on paper,"[pick an audition song, 
look up the song online, 
find the lyrics to the song, 
find the print button, 
click the print button, 
walk over to the printer]",pick an audition song,"pick a song that you are familiar with
pick a song that you have never sing before",[7],"[5, 9]",golden
take a writing class,"[search the internet for popular genres, 
narrow down the options to three, 
make a list of pros about each one, 
make a list of cons about each one, 
decide on one, 
sign up for a class]",sign up for a class,"call local colleges for class offerings
find online for available classes in town",[7],"[0, 5]",golden
take a cheap vacation,"[decided to take a cheap vacation, 
drive to hiking front, 
pack hiking backpacks, 
hike out the trails, 
camp out overnight, 
hike the trails back]",pack hiking backpacks,"bring process food for every meal
bring raw foods and some cookware to cook at the campsite","[0, 7, 8]","[3, 6]",golden
go to subway for lunch,"[decided to go to subway for lunch, 
get the car keys, 
put the address on the maps app, 
drive to the subway, 
wait in line, 
decide on what to order]",decide on what to order,"order the daily special
order the same food that you had last time","[5, 9]",[7],golden
eat roast beef for dinner,"[decided to eat roast beef for dinner, 
look for the recipe online, 
gather the ingredients, 
gather the equipment, 
cook the roast, 
set the table, 
set the food on the table]",gather the ingredients,"order same-day delivery for the ingredients
drive to the grocery store on one's own and buy the ingredients","[0, 2, 8]","[4, 7]",golden
visit the desert,"[decided to visit the desert, 
pack bags for trip, 
purchase a plane ticket, 
arrive at the airport, 
get on plane, 
get off the plane at destination]",purchase a plane ticket,"purchase a plane ticket to a major city but far from the desert
purchase a plane ticket to a small city but right next to the desert","[5, 7]",[4],golden
walk to ghost hunter location,"[exit the car, 
look for location, 
find the location, 
turn towards location, 
put left foot forward, 
put right foot forward]",look for location,"ask someone to look for the location with you
look for the location on your own",[0],[10],golden
speak a lot of languages,"[decided to speak a lot of languages, 
decide on what languages to learn, 
purchase books to learn each language, 
wait for delivery, 
open and unpack books, 
read through each one]",purchase books to learn each language,"request a sample before buying an e-book
order a paper copy of the language book from amazon","[1, 7]",[0],golden
read about the heatwave in the paper,"[decided to read about the heatwave in the paper, 
stand up on feet, 
walk to paper, 
pick up paper, 
open pages of paper, 
scan headlines for heatwave]",scan headlines for heatwave,"only looking at the social news section
read through all pages for news about heatwave",[0],"[5, 7]",golden
have a cake,"[decided to have a cake, 
go to the store, 
pick out ingredients, 
pay for ingredients, 
drive back home, 
bake the cake]",pick out ingredients,"pick ingredients that is just enough for one cake
pick ingredients that is enough for a few cakes",[1],[4],golden
buy some bait,"[compare fishing poles, 
go to the bait counter, 
ask what bait is available, 
look over the options, 
decide on bait to use, 
purchase the bait]",decide on bait to use,"ask the owner for bait suggestions
search online for reviews and advice for bait",[0],"[5, 10]",golden
activate and download the game,"[purchase and get key for game, 
pick controller up, 
turn console on, 
go to store menu, 
enter the code, 
start game download]",purchase and get key for game,"pay the full price and get the game right away
wait for game sales and get the game with a discounted price","[2, 10]",[1],golden
visit great adventures water park,"[decided to visit great adventures water park, 
get family in car, 
fill up gas tank, 
set gps to park, 
drive to the park, 
buy ticket enter park]",set gps to park,"use the gps service on the phone
get a professional gps nevigation system",[8],[7],golden
set up table,"[decide to set up table, 
open door to garage, 
walk into garage, 
locate the table, 
carry table inside, 
lay table on floor, 
lift up legs on table, 
flip table over]",carry table inside,"use a moving cart to move the table
lift the table up and move the table","[0, 7]",[8],golden
buy private home,"[decided to buy private home, 
look online for a real estate agent, 
find the phone number, 
call the agent, 
look at homes, 
decide on a home]",look at homes,"look at homes with friends or partners
look at homes on your own",[7],[10],golden
start lifting weights to build muscle,"[decided to start lifting weights to build muscle, 
go to the gym, 
go into the locker room, 
put on workout attire, 
head to the bench press machine, 
do bench presses]",go to the gym,"go to the gym on your own
find someone in your community or social media to go with you","[0, 10]",[3],golden
sign up on the tryout list,"[decided to sign up on the tryout list, 
head to the gym, 
get a gym membership, 
train for sports, 
sign up on the tryout list, 
walk into gym, 
talk to receptionist]",train for sports,"get a personal trainer
join a group training session",[6],[1],golden
start a diet,"[decided to start a diet, 
decide on the weight and fitness goal desired, 
find how many daily calories are allowed to reach goal, 
plan meals that fit inside the days calorie goals, 
drive to store, 
purchase ingredients for planned meals, 
drive home from store, 
prep the meals for the day with the purchased ingredients]",plan meals that fit inside the days calorie goals,"make a plan that prefers delicious foods over convenient foods
make a plan that prefers convenient foods over delicious foods","[3, 9]","[0, 2]",golden
fuel a car,"[decide to fuel a car, 
look for a gas station, 
pull into the gas station, 
choose a pump to use, 
pull along side the pump, 
open gas cap, 
select octane level of gas, 
put nozzle into tank]",select octane level of gas,"select the cheapest gas option
select the premium gas option",[1],[7],golden
practice singing the song,"[look up the lyrics, 
turn on printer, 
do vocal warm ups, 
sing the lyrics everyday using the print out, 
practice singing the song, 
print the lyrics onto a sheet of paper, 
place lyrics in front of person]",practice singing the song,"practice singing with a friend
practice on one's own","[6, 7]",[10],golden
pay for adoption fee,"[meet favorite animals, 
discuss costs with clerk, 
play with animals, 
select adoption choice, 
proceed to register, 
pay fee to cashier]",select adoption choice,"adopt a young animal (e.g. puppy or kitty)
adopt an adult animal (e.g. adult dog or cat)",[3],"[0, 7, 9]",golden
go on a road trip,"[decided to go on a road trip, 
plan a route, 
confirm safety status of vehicle, 
fill vehicle with gasoline, 
begin driving towards destination, 
exit the house, 
put supplies for trip in vehicle, 
enter the vehicle]",confirm safety status of vehicle,"bring the vehicle to a machinist
search for online tutorials for a checklist",[7],"[0, 1]",golden
get some lunch,"[decided to get some lunch, 
walk to the kitchen, 
open the fridge, 
locate the leftovers, 
pull out leftovers, 
microwave the leftovers]",microwave the leftovers,"combine the leftovers into one plate and microwave at the same time
microwave each dish on itself","[0, 2]",[3],golden
re arrange office,"[decide to re arrange office, 
re-arrange location of plants, 
move chair from behind desk, 
move desk from current position, 
push desk and couch to new location, 
move couch from along wall, 
put chairs back in position, 
move bookcase to new location]",push desk and couch to new location,"hire some workers to move it
ask colleagues for help",[10],[1],golden
purchase books on gardening,"[decided to purchase books on gardening, 
take out a computer, 
turn the computer on, 
go to a gardening books website, 
compare prices of gardening books, 
compare reviews and star ratings of gardening books]",compare prices of gardening books,"compare prices for only new books
compare prices for both new books and used books",[7],"[1, 5]",golden
tell other students about the pizza party,"[come to an agreement, 
ask teacher to make an announcement, 
walk to the center of the classroom, 
get classes attention, 
notify class of time and place of pizza party, 
answer any questions]",get classes attention,"make an unexpectedly loud noise
ask the teacher to get the attention from the students for you",[10],[7],golden
go to college to get a degree,"[decided to go to college to get a degree, 
go to the high school guidance counselor, 
discuss higher education options, 
take home college applications, 
fill out college applications, 
compare college acceptance letters, 
decide on a college]",fill out college applications,"fill out applications on your own
ask your parents for help for applications",[10],[7],golden
cook the food,"[put groceries away, 
close refrigerator door, 
look for recipes for the ingredients, 
decide on a recipe, 
take groceries out of fridge, 
cut up the vegetables, 
marinade the meat]",look for recipes for the ingredients,"google some recipes
ask your friends or families for recipe recommendations","[5, 10]","[0, 7, 8]",golden
buy a new bicycle,"[decided to buy a new bicycle, 
go to the bicycle shop, 
look and see what bicycle is the best, 
select the bicycle, 
purchase the bicycle, 
look at the bicycles that are offered]",look and see what bicycle is the best,"go to a cycling shop and get help
use the internet to search for the best bicycle for me","[4, 7]","[0, 2, 5]",silver
learn how to rock climb,"[decided to learn how to rock climb, 
look online for rock climbing gyms, 
sign up for beginner's rock climbing, 
drive to the rock climbing gym, 
listen to the instructor, 
get a partner, 
walk towards the rock climbing wall, 
climb first rock climbing route]",get a partner,"find a friend to learn with
find a partner on a site like meetup",[7],[5],silver
learn how to play the drums,"[decided to learn how to play the drums, 
decide to learn how to play drums, 
drive to music store, 
buy drum set, 
drive home from music store, 
set up drum set in basement, 
watch videos about learning to play the drums]",buy drum set,"buy a drum set from a music store
buy a drum set online and have it delivered to you",[7],"[0, 1, 5]",silver
find a new job,"[decided to find a new job, 
go online on the web, 
search for jobs sites, 
browse sites for jobs, 
apply for interviews, 
wait to be called in]",browse sites for jobs,"find a job on the internet
ask your friends for some advice","[5, 10]","[0, 6, 7, 8]",silver
learn figure drawing,"[decided to learn figure drawing, 
view tutorial online, 
obtain blank paper, 
place pencil tip to paper, 
learn figure drawing, 
find a pencil, 
locate an eraser]",find a pencil,"buy a new pencil
find a pencil in your school's art room","[5, 7, 8, 10]",[1],silver
have a sleepover party,"[decided to have a sleepover party, 
find some free time in the future, 
ask friends to come over for a sleepover, 
make a list of what to get for the sleepover, 
drive to the store for supplies, 
buy the supplies, 
make some food, 
get out supplies]",ask friends to come over for a sleepover,"call each friend and ask if they would like to come over for a sleepover
send out a party invite or an email",[7],"[0, 2]",silver
have any pets,"[decided to have any pets, 
purchase a pet carrier or leash, 
go to an animal shelter, 
pick out a pet, 
pay the employee, 
take the pet home]",purchase a pet carrier or leash,"buy a pet carrier from a local pet store
buy a pet carrier from an online store",[7],"[0, 5]",silver
have a nerf gun war,"[decided to have a nerf gun war, 
take nerf gun ammo out of the closet, 
take nerf guns out of the closet, 
pass out the nerf guns and ammo, 
scatter in all directions, 
hide behind trees and buildings, 
shoot at anyone passing by, 
collect the spent toys and put away]",shoot at anyone passing by,"only shoot at people in front of you
shoot at anyone within a distance of 1,000 feet","[0, 7, 9]",[5],silver
learn to play the piano,"[decided to learn to play the piano, 
find a piano teacher, 
call the piano teacher, 
agree on a plan to work with the teacher, 
have a first lesson, 
continue with lessons until playing becomes second nature]",find a piano teacher,"go online and look for a piano teacher
go to a music store and ask for a piano teacher","[0, 5]",[7],silver
get a new puppy,"[decided to get a new puppy, 
make sure the house is puppy proof, 
decide where to purchase the puppy, 
go to the shelter, 
select the puppy, 
bring puppy home]",decide where to purchase the puppy,"buy the puppy from a pet store
buy a puppy online",[7],"[0, 5]",silver
escape from prison,"[decided to escape from prison, 
get the plans for the prison, 
watch the guards to learn the schedule, 
run through the tunnel and keep running, 
escape from prison, 
steal a spoon from the cafeteria, 
dig a tunnel towards nearest place in the fence]",run through the tunnel and keep running,"run through the tunnel without stopping
hide in the bathroom and wait for the guards to pass by","[2, 10]","[0, 7]",silver
dj electronic music,"[decided to dj electronic music, 
log onto the internet, 
research how to become an electronic music dj, 
buy djing equipment, 
practice djing electronic music, 
apply for a job djing electronic music]",buy djing equipment,"buy a new computer
buy a used computer","[5, 7]",[1],silver
get rid of some mice,"[decided to get rid of some mice, 
drive to the store, 
buy some mouse traps, 
drive home with mouse traps, 
research best places to set mouse traps, 
set the traps in idea spaces]",research best places to set mouse traps,"research best places to set mouse traps yourself
find a company that specializes in setting mouse traps",[1],"[0, 7, 9]",silver
try to make bread from scratch,"[decided to try to make bread from scratch, 
find recipe for bread, 
purchase ingredients from store, 
unpack ingredients and open packages, 
follow recipe until ingredients combined, 
bake dough as long as recipe calls for]",find recipe for bread,"find a recipe online
ask around in the community","[5, 7, 10]",[6],silver
eat some french fries,"[decided to eat some french fries, 
drive to the store, 
purchase frozen french fries, 
drive home from the store, 
pre-heat the oven, 
cook the french fries]",purchase frozen french fries,"buy frozen french fries from a grocery store
buy frozen french fries from an online food store",[7],"[0, 2, 5]",silver
purchase a car,"[decided to purchase a car, 
drive to a dealership, 
go online to research cars, 
get financed for the car, 
purchase a car, 
talk to a salesman about cars, 
test drive a nice car]",purchase a car,"buy a new car
buy a used car","[5, 7]",[1],silver
take the sats in order to get into college,"[decided to take the sats in order to get into college, 
go to the room giving the test, 
sit down at a desk, 
pick up a number two pencil, 
fill out the entirety of the test, 
hand the test to the teacher]",go to the room giving the test,"take a bus
call an uber",[1],"[2, 6]",silver
get a skin peel at a dermatologist office,"[decided to get a skin peel at a dermatologist office, 
call dermatologist's office, 
schedule skin peel appointment, 
wait for skin peel appointment, 
drive to dermatologist's office, 
check in at office, 
wait to be be called by dermatologist, 
walk to dermatologist's treatment room]",schedule skin peel appointment,"call the dermatologist office
schedule an appointment online",[7],"[0, 2]",silver
plant a tomato plant,"[decided to plant a tomato plant, 
go to nursery, 
purchase tomato seedling, 
purchase potting soil and a pot, 
return to home, 
plant seedling in soil and pot]",purchase potting soil and a pot,"buy the soil from a garden center
buy the soil online",[7],"[0, 5]",silver
go back to school,"[decided to go back to school, 
get list of school supplies needed, 
go to store and buy school supplies, 
organize school supplies and books, 
get list of books needed, 
buy books needed, 
pack the backpack]",buy books needed,"buy books from your local bookstore
buy books online",[7],"[0, 5, 10]",silver
know more about film,"[decided to know more about film, 
decide which area of film to learn about, 
research history and topic online, 
go to local library to find books and articles, 
read the research, 
enjoy the newfound respect for film]",read the research,"read the whole research paper
read only the abstract and introduction part of the paper","[4, 7]","[0, 2, 9]",silver
go to an aerospace museum,"[decided to go to an aerospace museum, 
search the internet for aerospace museums, 
pick out the closest one, 
find the museum's hours, 
order aerospace museum tickets, 
drive to the museum]",pick out the closest one,"find the closest one by using google maps
ask a friend for advice on which one to go to","[5, 10]","[2, 6, 7]",silver
make a huge sand castle,"[decided to make a huge sand castle, 
pack a shovel and pale, 
get dressed in beach clothes, 
drive to the beach, 
park by the beach, 
walk near the ocean to get damp sand]",park by the beach,"park your car on the street
park your car on the beach","[0, 7]","[3, 4]",silver
join the military,"[decided to join the military, 
look up enrollment centers, 
drive to enrollment center, 
fill out entry paperwork, 
get military physical, 
show up for training]",look up enrollment centers,"call the local government for enrollment centers
look up online",[7],"[0, 5]",silver
see the banana plantations,"[decided to see the banana plantations, 
turn on the computer, 
search the internet for nearby plantations, 
find the operating hours, 
schedule an appointment, 
drive to the location]",schedule an appointment,"book a tour online
book a tour at a travel agency","[5, 6]",[0],silver
get an oil change,"[decided to get an oil change, 
make an appointment with a mechanic, 
drive to the mechanic, 
give the car to the mechanic, 
take a seat in the waiting room, 
pay for an oil change]",make an appointment with a mechanic,"call a mechanic and make an appointment
find a mechanic on yelp and make reservation in app",[7],"[0, 5]",silver
learn how to practice ballet,"[decided to learn how to practice ballet, 
sign up for a ballet class, 
head to the ballet class, 
learn ballet moves from the instructor, 
work on the ballet moves at home, 
practice moves each day until next class]",work on the ballet moves at home,"work on the ballet moves at home with a friend
work on the ballet moves at home (alone)","[6, 7]",[10],silver
learn how to sew,"[decided to learn how to sew, 
decide to learn how to sew, 
research sewing online, 
make a list of equipment needed, 
got to fabric store, 
buy sewing equipment at fabric store, 
drive home from fabric store, 
put sewing equipment on table]",buy sewing equipment at fabric store,"buy the sewing machine and accessories at a fabric store
buy the sewing machine and accessories online and get it deliver to you",[7],"[0, 5]",silver
open a small business,"[decided to open a small business, 
research a business idea, 
find a place for business, 
do construction for building, 
find employees to run place, 
pick an opening day]",find a place for business,"find a location on the street
find a location online",[7],[5],silver
learn to make pot pies,"[decided to learn to make pot pies, 
find potpie tutorial online, 
gather materials together, 
turn on the oven, 
make the potpies, 
bake the potpies, 
take the pies out to cool, 
serve the potpies on a plate]",bake the potpies,"buy a new pot pie pan
buy a used pot pie pan","[5, 7]",[1],silver
get in shape,"[decided to get in shape, 
look up physical activity, 
make set plans for activity every week, 
do the activity every week, 
increase time of activity as the exercise gets easier, 
do the activity for six months]",make set plans for activity every week,"set up a weekly plan on your phone
set up a weekly plan with a fitness tracker",[10],[7],silver
learn the guitar,"[decided to learn the guitar, 
save up for a guitar, 
purchase a guitar, 
purchase learning material, 
load up some video tutorials at home, 
practice following along the tutorials and material]",purchase learning material,"buy learning material in a store
buy learning material online",[7],"[0, 5]",silver
know more about american history,"[decided to know more about american history, 
search the internet for a local library, 
find the library's hours, 
drive to the library, 
ask the librarian for help, 
sit down and read through books]",find the library's hours,"call the library
look online at the library's website",[7],[0],silver
go on a vacation in another country,"[decided to go on a vacation in another country, 
figure out which country to visit, 
research the country, 
talk with travel agent to get a package deal, 
update passport and vaccines, 
pack for the trip, 
arrive at airport and board plan, 
land and enjoy vacation]",figure out which country to visit,"watch reviews from youtubes
read a travel guide","[0, 2, 5]",[7],silver
go to a new restaurant for the first time,"[decided to go to a new restaurant for the first time, 
research new restaurants in the area, 
decide on one to go to, 
get prepared to leave, 
go to the car, 
drive to the restaurant]",decide on one to go to,"find a restaurant on yelp
ask friends for recommendations","[5, 10]","[0, 2, 6]",silver
learn how to sing,"[decided to learn how to sing, 
research vocal coaches, 
reach out to one, 
hire a vocal coach, 
meet with vocal coach for months, 
practice singing alone]",research vocal coaches,"call a local music school and ask them to recommend someone
search online for vocal coaches","[0, 2, 6]",[5],silver
go back in time,"[decided to go back in time, 
go to school for quantum mechanics, 
study time travel, 
create a time machine prototype, 
test the prototype, 
invent time travel]",go to school for quantum mechanics,"go to a class at a university
go to a class at a community college",[7],"[1, 9]",silver
see a new movie that was coming out,"[decided to see a new movie that was coming out, 
turn on phone, 
get a signal to phone via wifi, 
open browser app, 
search for local movie theaters, 
check movie times, 
purchase a ticket online, 
show up to showing]",check movie times,"use a movie ticketing app
call a local theatre","[0, 5]",[7],silver
make sure the party was a huge success,"[decided to make sure the party was a huge success, 
brainstorm party ideas, 
head to the market, 
purchase party favors and food/drinks, 
head home from the store, 
set up the party decorations, 
set up the food, 
invite guests in]",brainstorm party ideas,"ask your friends to help you with party ideas
visit a party ideas website","[6, 7]","[5, 10]",silver
play pro basketball,"[decided to play pro basketball, 
begin practicing basketball, 
train up endurance, 
work on basketball shots, 
gain recognition for skills, 
get contacted by an agent]",train up endurance,"run up and down a court
hire a personal trainer",[1],"[6, 7]",silver
make a good impression at the upcoming dance,"[decided to make a good impression at the upcoming dance, 
practice etiquette at home, 
take a shower, 
put on formal clothes, 
drive to dance, 
buy formal clothes, 
go back home, 
go to store]",buy formal clothes,"buy a new formal outfit
buy a used formal outfit","[5, 3, 6]",[1],silver
win a contest,"[decided to win a contest, 
look for contest to enter, 
enter multiple contests for better odds, 
send in entry forms, 
wait for results, 
keep repeating until win]",look for contest to enter,"visit a contest website
find the contest on facebook",[0],[5],silver
see a rhinoceros,"[decided to see a rhinoceros, 
find out hours zoo is open, 
travel to zoo during open-hours, 
purchase ticket  for entry, 
find out where rhinoceros are kept, 
walk to rhinoceros enclosure and look around]",travel to zoo during open-hours,"buy a ticket on your own
find a travel agency to book on your behalf",[7],"[0, 2]",silver
win the lottery,"[decided to win the lottery, 
go to the store, 
ask to buy a lottery ticket from clerk, 
pick numbers for the ticket, 
go home to wait for drawing, 
see if the numbers match]",ask to buy a lottery ticket from clerk,"go to the store and buy a ticket from the clerk
buy a ticket online and have it delivered to you",[7],"[0, 2, 5]",silver
invest in silver,"[decided to invest in silver, 
sign up for brokerage account, 
wait for brokerage account approval, 
deposit money to brokerage account, 
find etf that tracks price changes of silver, 
purchase shares of etf]",find etf that tracks price changes of silver,"seatch online for etf that invest in silver
ask a investment advisor for suggestions","[5, 10]","[6, 7]",silver
make a dress,"[decided to make a dress, 
gather the materials, 
gather the tools, 
cut up the materials, 
stitch the materials together, 
make any adjustments]",cut up the materials,"cut the fabric with scissors
cut the fabric with a sewing machine","[8, 9]",[7],silver
learn how to ballroom dance,"[decided to learn how to ballroom dance, 
search on line for a ballroom teacher, 
call and make appointment to meet teacher, 
arrange a schedule to take lessons, 
dress appropriately to take lessons, 
walk over to studio to take lessons, 
take ballroom lessons at studio]",dress appropriately to take lessons,"buy a new dance suit
borrow a dance suit from a friend",[10],"[1, 5, 7]",silver
check out a new book from the library,"[decided to check out a new book from the library, 
find libraries in area, 
drive to the library, 
get a library card, 
browse books in library, 
choose a book of interest]",get a library card,"go to the library
call a library information line to get a card",[7],"[0, 2]",silver
join the marines,"[decided to join the marines, 
volunteer to join the marines, 
attend a basic physical examination, 
wait to be selected, 
travel to a training camp, 
successfully pass basic training]",volunteer to join the marines,"talk to your recruiter
apply online","[6, 7]","[0, 2, 10]",silver
move out of their parent's houses,"[decided to move out of their parent's houses, 
find a job, 
save money for an apartment deposit, 
hire a moving company, 
pack up stuff, 
follow the movers to the new location]",hire a moving company,"hire a moving company from yelp
go to a moving service in your local community",[5],"[0, 7]",silver
try to skateboard,"[decided to try to skateboard, 
search out guide on skateboarding, 
purchase skateboard online, 
wait for skateboard to arrive, 
unpack skateboard package, 
take skateboard outside, 
stand on skateboard and push off]",purchase skateboard online,"buy a used skateboard
buy a new skateboard",[1],"[5, 7]",silver
buy new clothes,"[decided to buy new clothes, 
put on clothes, 
go out to car, 
start the car, 
drive to clothing shop, 
purchase some clothes]",drive to clothing shop,"call an uber
walk to the nearest clothing store","[0, 2, 5]","[1, 3]",silver
learn how to line dance,"[decided to learn how to line dance, 
learn to love country music, 
watch other dancers, 
sign up for a dance class, 
practice the steps, 
go to the dance class, 
learn how to line dance, 
listen to and watch the teacher]",practice the steps,"practice at home
find a dance studio and learn in a group","[8, 10]","[3, 4, 7]",silver
earn some cash over the summer,"[decided to earn some cash over the summer, 
type up flyers offering to do handy work, 
print the flyers, 
disperse the flyers around the neighborhood, 
when prompted go to homes and do odd jobs, 
place earnings in a savings account]",disperse the flyers around the neighborhood,"get a box of flyers and put it in front of community center
carry a flyer in your hand while you walk around the neighborhood","[0, 2]",[7],silver
get away for a quiet vacation,"[decided to get away for a quiet vacation, 
decide to go on a vacation, 
pick out a destination, 
buy a plane ticket online, 
book a hotel online, 
drive to airport, 
get on plane, 
fly to destination]",book a hotel online,"book a hotel on your own
book a hotel through an online travel agency","[5, 6]","[0, 2]",silver
bench press two hundred pounds,"[decided to bench press two hundred pounds, 
set a goal of bench pressing two hundred pounds, 
drive to sporting goods store, 
purchase weight bench and weight set, 
drive home from sporting goods store, 
set up weight bench in basement, 
work out with weights every other day for three months]",purchase weight bench and weight set,"buy them new
buy them used","[5, 7]",[1],silver
go to a live music venue,"[decided to go to a live music venue, 
go online and purchase tickets for the event, 
find appropriate clothing to wear, 
put on the clothes, 
leave the house, 
get into a car, 
drive to the event, 
attend the event]",find appropriate clothing to wear,"buy clothes at a store
wear the clothes you already have","[5, 3, 8]","[0, 1, 2]",silver
make pizza at home,"[decided to make pizza at home, 
go to the store, 
look for pizza ingredients, 
pay for the ingredients, 
drive back home, 
unpack ingredients onto counter]",look for pizza ingredients,"google pizza ingredients
ask your parents for their suggestions","[5, 10]","[0, 6]",silver
learn how to ride a horse,"[decided to learn how to ride a horse, 
search for a horse to ride, 
find instructor to teach, 
pay for lessons/horse rental, 
practice riding horse, 
get feedback from instructor]",find instructor to teach,"find a school nearby
find a teaching service online",[4],[5],silver
compete on a tv game show,"[decided to compete on a tv game show, 
think about skills required to appear on tv, 
narrow down options based on skill, 
choose a tv show to be on, 
submit an application to the show, 
get tickets to tv show, 
fly out to the tv shows set]",submit an application to the show,"fill out a form on their website
find a friend who is already on the show to submit your application on your behalf","[0, 10]",[7],silver
start the 21 day fix program,"[decided to start the 21 day fix program, 
figure out what needs to be fixed, 
review books online on how to fix the problem, 
purchase the necessary book, 
wait for delivery, 
open the books]",purchase the necessary book,"buy the book from a book store
buy a digital version of the book",[10],"[0, 1]",silver
bake some cupcakes,"[decided to bake some cupcakes, 
put on clothes, 
drive to the grocery store, 
purchase baking supplies, 
drive back home, 
unload the groceries into the kitchen]",purchase baking supplies,"buy baking supplies at a grocery store
buy baking supplies online and get them delivered to you","[7, 10]","[0, 5]",silver
live debt free,"[decided to live debt free, 
make a budget, 
account for every penny you're spending, daily, 
find a way to make extra money, 
cut back spending on unnecessary items, 
sell things that are unneeded or not useful, 
pay off loans every payday]",find a way to make extra money,"find a part-time job from linkedin
ask a friend or a family member for job suggestions","[5, 10]","[0, 7]",silver
audition for the school play,"[decided to audition for the school play, 
sign up for auditions, 
get script to practice, 
practice reading lines with friends, 
practice reading lines before bed, 
show up to auditions]",practice reading lines before bed,"read lines by yourself in the mirror (a.k.a. mirror mime)
read lines with a partner",[10],"[6, 7]",silver
make a banana strawberry smoothie,"[decided to make a banana strawberry smoothie, 
look up smoothie recipe, 
go to the store, 
buy smoothie ingredients, 
drive home from store, 
make smoothie with ingredients]",look up smoothie recipe,"ask your grandmother for her recipe
look up a smoothie recipe online","[0, 6, 7]","[5, 10]",silver
learn to paint,"[decided to learn to paint, 
go to art store, 
purchase art supplies, 
practice painting on free time, 
learn to paint, 
sign up for lessons, 
show up for lessons]",sign up for lessons,"take classes in a local community center
take lessons online","[4, 7]",[5],silver
find a part time job,"[decided to find a part time job, 
open a laptop, 
search for job forums, 
fill out applications, 
upload a resume, 
wait for callbacks, 
go to interview]",fill out applications,"go to a career center to fill out applications
go to the internet and find a job board to browse",[4],[5],silver
go to a party on saturday night,"[decided to go to a party on saturday night, 
get invited to a party, 
get dressed for party, 
get into the car, 
drive to the party, 
park the car, 
knock on the front door]",get dressed for party,"wear your party clothes
wear your pajamas","[3, 7]","[0, 8]",silver
go to the theme park,"[decided to go to the theme park, 
look up directions, 
leave the house, 
get in the car, 
drive to the theme park, 
find a parking spot, 
walk to the ticket booth, 
buy a ticket]",look up directions,"use the internet
get directions from a friend","[5, 7, 10]",[0],silver
impress a group of popular girls at school,"[decided to impress a group of popular girls at school, 
research popular girl interests, 
determine who popular girls are, 
find out where the popular girls hang out, 
travel to location popular girls are, 
impress popular girls with knowledge of interests]",travel to location popular girls are,"drive to location
travel by foot","[0, 2, 3]",[8],silver
learn how to skateboard,"[decided to learn how to skateboard, 
research how to skateboard online, 
watch tutorial videos, 
buy a skateboard, 
try to skateboard, 
practice skateboarding every day for 15 minutes]",research how to skateboard online,"use google to search for how to skateboard online
purchase a skateboarding dvd","[1, 5]",[7],silver
eat spicy sushi,"[decided to eat spicy sushi, 
drive to sushi restaurant, 
order some spicy sushi, 
wait for order to arrive, 
when order arrives grab chopsticks, 
use chopsticks to add some wasabi]",order some spicy sushi,"order it online
go to a local restaurant to order it","[0, 2, 5]",[7],silver
make chicken curry,"[decided to make chicken curry, 
go to the store, 
get some fresh chicken, 
find the spice aisle, 
go to the produce department, 
pay for all the food, 
drive back home, 
put the ingredients on the counter]",get some fresh chicken,"buy fresh chicken from a local butcher shop
buy fresh chicken online and have it delivered to you",[7],"[0, 5]",silver
learn to bake a cake,"[decided to learn to bake a cake, 
load up youtube on the computer, 
search for baking cakes, 
choose a popular video, 
read reviews and comments, 
hit the play button on selected video]",search for baking cakes,"search on the web
call a bakery","[0, 2, 5, 10]",[7],silver
learn to sew,"[decided to learn to sew, 
get sewing supplies, 
look up video on how to sew, 
watch video and memorize actions, 
follow along with video when sewing, 
practice sewing everyday]",get sewing supplies,"buy sewing supplies on amazon
buy sewing supplies from a local store","[0, 5]",[6],silver
make a fort,"[decided to make a fort, 
find a fort location, 
buy materials and supplies, 
put materials and supplies together, 
make a fort, 
brainstorm a fort construction, 
drive to the store]",buy materials and supplies,"buy the materials and supplies from a home improvement store
buy the materials and supplies from amazon",[7],"[0, 2]",silver
learn how to garden,"[decided to learn how to garden, 
purchase books on gardening, 
purchase gardening supplies, 
read the gardening books, 
select a spot for the garden, 
plant the first garden]",read the gardening books,"read a physical book
read a digital book",[8],[1],silver
meet a nice girl to date,"[decided to meet a nice girl to date, 
make a dating profile on a dating website or app, 
look at matches, 
send messages to acceptable matches, 
respond to messages, 
ask out the best match, 
go on a date with the match]",make a dating profile on a dating website or app,"make a profile on a dating website or app
use an online service to make your profile",[1],"[0, 6, 7]",silver
own a dog,"[decided to own a dog, 
search for pet stores, 
drive to the pet store, 
look at the different dogs, 
pick a dog, 
fill out necessary paperwork, 
shop for pet supplies, 
shop for pet food]",search for pet stores,"search online
ask friends and families for recommendations","[0, 2, 5]","[6, 7]",silver
learn to dance in time for prom,"[decided to learn to dance in time for prom, 
look up dance teachers online, 
contact a good dance teacher, 
meet a teacher at a scheduled time, 
start learning basic moves, 
go to a few more classes and learn more]",look up dance teachers online,"go to your local dance studio
go to dancestation.com","[0, 2, 4]",[5],silver
learn how to paint,"[decided to learn how to paint, 
sign up for a painting class, 
drive to the crafts store, 
browse painting supplies, 
pay for supplies, 
drive to painting class, 
go to painting class every day]",browse painting supplies,"go to a local office supply store
order painting supplies online",[6],"[0, 2, 5, 7]",silver
learn to ride a bike,"[decided to learn to ride a bike, 
research best bikes for beginners, 
drive to store, 
buy a bike, 
take the bike home, 
watch a tutorial video on how to ride a bike, 
go outside with bike, 
practice riding bike]",buy a bike,"buy a new bike
buy a used bike","[5, 7]",[1],silver
learn to play a new instrument,"[decided to learn to play a new instrument, 
go online to research new instruments, 
buy a new instrument, 
look instructors up online, 
contact an intstructor, 
go to instrument practice regularly]",contact an intstructor,"find a teacher at a local music store
find a teacher online","[0, 2]",[5],silver
hear some blues music,"[decided to hear some blues music, 
find a local blues venue online, 
find out when the blues venue has shows online, 
get dressed for the concert, 
travel to the blues venue, 
find a place to sit or stand to listen]",travel to the blues venue,"take a bus
call an uber",[1],"[0, 2, 6, 7, 10]",silver
build a garden last week,"[decided to build a garden last week, 
ask questions about gardening, 
drive to the gardening store, 
shop for different kinds of plants, 
shop for gardening supplies, 
drive the supplies back home, 
continuously set the new garden over time]",shop for different kinds of plants,"shop for plants at a garden center
shop for plants online and have it delivered to your door",[7],"[0, 2, 5]",silver
play with other girls in the school yard,"[decided to play with other girls in the school yard, 
go outside to the playground, 
walk over to the other girls, 
ask the girls to play, 
agree on the rules, 
start the game]",agree on the rules,"agree on the rules in person
agree on the rules over the phone",[7],[2],silver
find some friends to relax with,"[decided to find some friends to relax with, 
find a cellphone or computer, 
send out messages to friends, 
provide invite to friends who are not busy, 
see which friends respond, 
confirm details with friends]",provide invite to friends who are not busy,"post a public message in a social network
send private message to friends","[0, 2]",[7],silver
build a mall,"[decided to build a mall, 
create a blueprint, 
get the funding, 
put together the materials, 
put together the people, 
plan the operations, 
continuously build in the construction site]",create a blueprint,"create a paper and pencil design
build a virtual 3d model","[0, 2, 8, 9]","[4, 7]",silver
have blond hair,"[decided to have blond hair, 
locate a nearby hair stylist on the internet, 
call the office, 
schedule an appointment, 
drive to the stylist, 
have the stylist dye the hair blonde]",locate a nearby hair stylist on the internet,"google it
call the phone number for a hair salon","[0, 2, 5]","[6, 7]",silver
make an art project,"[decided to make an art project, 
figure out a theme, 
decide on needed materials, 
drive to the store, 
buy the materials, 
drive home with supplies]",figure out a theme,"work with a friend
work alone",[7],[10],silver
adopt a puppy,"[decided to adopt a puppy, 
research the right breed, 
go to shelter, 
browse the dogs for adoption, 
fill out adoption form, 
wait for approval]",go to shelter,"take a public transportation
ask a friend for a ride","[5, 10]","[1, 2, 6, 7]",silver
play with dolls,"[decided to play with dolls, 
drive to the doll store, 
select fun dolls to play with, 
purchase the dolls, 
take the dolls home, 
begin playing with dolls for hours of fun]",purchase the dolls,"buy the dolls from a toy store
buy the dolls from a wholesale shop",[5],[1],silver
expand their business scope,"[decided to expand their business scope, 
find a school that offers classes, 
research the credentials needed, 
enroll in classes, 
attended required classes, 
pass required classes, 
graduate with the needed degree]",research the credentials needed,"look up the information on the internet
ask a friend","[5, 10]","[0, 2]",silver
mow the lawn today,"[decided to mow the lawn today, 
get the lawnmower out of the garage, 
make sure mower has enough gas, 
check that all the parts are still working, 
start the mower, 
mow the lawn]",check that all the parts are still working,"check on your own
call a mechanic to check it for you",[1],"[0, 2, 7, 9]",silver
go on a trip to spain,"[decided to go on a trip to spain, 
buy the tickets, 
wait for the date, 
pack the clothes, 
drive to the airport, 
get on the plane]",buy the tickets,"buy them online
buy them in person","[0, 2]",[7],silver
buy a new video game that was very popular,"[decided to buy a new video game that was very popular, 
drive to work, 
work full shift, 
drive home from work, 
deposit work paycheck, 
turn on gaming console, 
purchase video game, 
wait for game to download]",purchase video game,"buy a new video game from a store
buy a used video game from an online store","[0, 2, 5, 7, 10]",[1],silver
have a pet cat,"[decided to have a pet cat, 
buy cat food, 
buy a litter box, 
go to the animal shelter, 
pick out a cat, 
drive the cat home]",pick out a cat,"choose a cat from a breeder
adopt a cat from a shelter","[5, 6, 7]","[1, 3]",silver
learn how to play the guitar,"[decided to learn how to play the guitar, 
buy a guitar, 
get guitar out, 
watch video lessons, 
press down strings, 
strum the strings, 
keep practicing cords]",watch video lessons,"watch video lessons on youtube
subscribe to a guitar lesson service and get lessons sent to you on a weekly basis","[1, 5]","[6, 7]",silver
replace a closet door,"[decided to replace a closet door, 
go to store, 
remove old door, 
install new door according to manual, 
replace a closet door, 
buy new door, 
go back home, 
gather tools needed]",buy new door,"buy the door from a hardware store
buy the door online",[7],"[0, 2, 5]",silver
go for a trip on an amtrak train,"[decided to go for a trip on an amtrak train, 
open a laptop, 
find amtrak website, 
buy the tickets, 
print out tickets, 
walk to train station, 
board the train]",buy the tickets,"buy the tickets from an amtrak agent
buy the tickets from an amtrak website",[7],"[0, 2]",silver
buy bread at the store,"[decided to buy bread at the store, 
drive to the store, 
walk in the store, 
find the bread section, 
compare the types of bread, 
pick a bread, 
walk to the register]",find the bread section,"look for the bread section on your own
look for the bread section by asking a store associate",[10],"[0, 2, 7]",silver
go to greece,"[decided to go to greece, 
look up airline tickets, 
order tickets online, 
pack up suitcases, 
drive to the airport, 
get on a plane]",order tickets online,"book tickets online
use a travel agent to book a ticket","[1, 5, 10]","[6, 7]",silver
open a new catering hall,"[decided to open a new catering hall, 
construct building plans, 
hire construction crew, 
wait for the building to be finished, 
furnish the watering hall with supplies, 
open hall to the public]",furnish the watering hall with supplies,"buy the supplies and furnish on your own
hire someone to furnish for you","[1, 10]","[0, 2]",silver
plant some flowers,"[decided to plant some flowers, 
get the seeds, 
get the gardening equipment, 
dig holes for the plants, 
place the pots inside, 
add the seeds and dirt to the pots, 
water the plants]",get the seeds,"buy the seeds in a store
buy the seeds online",[7],"[0, 2, 5]",silver
own a boat,"[decided to own a boat, 
accumulate resources to pay for the purchase of a boat, 
travel to a merchant who sells boats, 
make a selection of the type of boat to purchase, 
negotiate to establish a price for the selected boat, 
provide payment to the merchant to take ownership]",accumulate resources to pay for the purchase of a boat,"save up money to pay for the purchase of the boat in monthly instalments
buy a boat and pay in full",[1],"[0, 2, 9]",silver
eat some apples,"[decided to eat some apples, 
grab some apples, 
wash the hand, 
put the apple slices in mouth, 
eat some apples, 
run the apple under tap water, 
slice the apple into pieces]",grab some apples,"visit an apple orchard
buy some apples at the grocery store","[3, 7]","[0, 2, 5]",silver
write a new song,"[decided to write a new song, 
get the thesaurus, 
find a piece of paper, 
write down some lyrical ideas, 
outline an emotional theme, 
proofread all the words, 
write everything out on paper, 
find a working pen]",proofread all the words,"print out the lyrics and proofread them
ask a friend to proofread for you",[10],"[0, 2, 7, 8]",silver
spice up in their bedroom,"[decided to spice up in their bedroom, 
determine aspects of room to change, 
repaint room different color, 
remove old furniture from room, 
purchase new furniture for room, 
add furniture back into room, 
analyze likability of new room setup]",purchase new furniture for room,"buy new furniture from a store
buy online furniture at a wholesale price","[5, 7]","[0, 1, 2]",silver
produce a music album,"[decided to produce a music album, 
brainstorm ideas for songs, 
create a bunch of songs, 
practice singing songs, 
rent a recording studio, 
sing in the studio]",brainstorm ideas for songs,"write down ideas on a piece of paper
listen to music samples online and record your ideas using a microphone",[8],[7],silver
buy some ice cream,"[decided to buy some ice cream, 
find spare money, 
go to the store, 
look up options in menu, 
wait in the line, 
make an order]",find spare money,"find spare money in the couch cushions
ask your spouse to borrow money",[10],"[0, 2, 7]",silver
bake some chocolate chip cookies,"[decided to bake some chocolate chip cookies, 
get out the ingredients, 
mix the wet ingredients, 
mix the dry ingredients, 
mix both ingredients together, 
roll into balls, 
place on tray 2 inches apart, 
bake in an oven]",mix the dry ingredients,"purchase the ingredients at the supermarket
purchase the ingredients online",[7],"[0, 2, 5]",silver
make some tea,"[decided to make some tea, 
get out the tea bag and cup, 
get out a teakettle, 
fill the kettle with water, 
boil the water in the kettle, 
pour the boiling water into the cup, 
let the tea steep until desired strength, 
place the teabag in the cup]",get out a teakettle,"buy a new teakettle
buy a used teakettle","[5, 6, 7]",[1],silver
impress a girl at school,"[decided to impress a girl at school, 
look at the wardrobe, 
look up pickup lines, 
memorize the pickup lines, 
look in the mirror, 
put together a fancy outfit, 
walk to school, 
talk to the girl]",look up pickup lines,"look up pickup lines from online
ask friends for useful pickup lines",[10],"[0, 2, 6, 7]",silver
join the tennis team,"[decided to join the tennis team, 
find a good tennis court nearby, 
buy tennis gear from a sporting goods store, 
practice playing tennis, 
apply for the team, 
find someone to play tennis with, 
perform well at a tryout]",apply for the team,"apply online
apply via your school","[0, 2, 10]",[7],silver
start a business,"[decided to start a business, 
research how to run the business, 
come up with business idea, 
hire staff for business to run, 
acquire goods for business, 
open business for the public]",hire staff for business to run,"hire staff through a recruiting agency
hire staff yourself","[0, 2, 7]","[1, 10]",silver
get a rabbit for a pet,"[decided to get a rabbit for a pet, 
drive to the pet shop, 
look at the different rabbits, 
pick out a rabbit, 
shop for pet food, 
shop for pet supplies, 
wait in line, 
make the purchase]",shop for pet food,"go to the pet store
buy pet food online",[7],"[0, 2, 5]",silver
attend gym today,"[decided to attend gym today, 
search the internet for nearby gyms, 
compare gym prices, 
find one that has compatible hours, 
drive to the gym, 
walk up to the desk and get a membership]",compare gym prices,"compare gym prices online
go to a gym and compare prices there","[0, 2, 5]","[4, 7]",silver
play a video game,"[decided to play a video game, 
buy a video game, 
buy a video game console, 
hook the console up to the tv, 
put the game in the console, 
hit the play button]",buy a video game,"buy a new video game
buy a used video game","[5, 7]",[1],silver
make some bath soap last week,"[decided to make some bath soap last week, 
find a recipe for bath soap, 
buy the needed ingredients, 
prepare a workspace, 
mix ingredients together, 
pour ingredient mix into a soap mold, 
wait for soap to cool/become firm]",mix ingredients together,"mix ingredients by hand
mix ingredients by using a hand mixer",[8],[7],silver
start a blog,"[decided to start a blog, 
look for a website host, 
look up different blog topics, 
write a blog post, 
publish the blog post on the website, 
look at the different plans, 
set up a website]",publish the blog post on the website,"send the blog post to a website
publish the blog post on your own website","[5, 3, 7]","[2, 6, 10]",silver
learn how to bake a cake,"[decided to learn how to bake a cake, 
search for baking classes in town, 
sign up for a baking class, 
wait for day of baking class, 
walk to baking class in town, 
follow along in baking class]",search for baking classes in town,"go to local community center and ask for baking classes in town
search for baking classes online","[4, 7]","[0, 2, 5]",silver
drop some weight,"[decided to drop some weight, 
decide on a new goal weight, 
research the best diets, 
make a fitness plan, 
make a meal plan, 
follow diet plan, 
drop some weight, 
follow fitness plan]",research the best diets,"buy a diet book
research diet plans on the internet",[7],"[1, 5]",silver
play baseball very badly,"[decided to play baseball very badly, 
get dressed in old clothes, 
get in the car, 
drive to a pickup baseball game, 
ask to play, 
take off eyeglasses]",ask to play,"tell a stranger that you would like to play
ask a person you know who is good at baseball to play with you",[5],"[6, 7]",silver
do stand-up at an open mic night,"[decided to do stand-up at an open mic night, 
learn a stand up routine, 
find an open mic night, 
drive to the club, 
sign up for the open mic, 
go on stage]",sign up for the open mic,"go to the open mic site
call up a friend and ask them to put you on the open mic",[10],"[0, 2, 7]",silver
buy a denim jacket,"[decided to buy a denim jacket, 
decide to buy a denim jacket, 
get in car, 
drive to store, 
shop for denim jackets, 
pick out the best denim jacket, 
take denim jacket up to counter, 
pay for denim jacket]",decide to buy a denim jacket,"buy a new denim jacket
buy a used denim jacket","[5, 7]",[1],silver
play varsity football,"[decided to play varsity football, 
start working out, 
learn how to play football, 
start practicing with friends, 
find the coach of the team, 
attend a try out]",find the coach of the team,"find the coach by asking people for his or her contact information
find the coach by searching for the school's sports page",[7],"[0, 2, 5, 10]",silver
go to class because an oral report was due,"[decided to go to class because an oral report was due, 
figure out the subject of the report, 
do research for the report, 
write an outline, 
write cue cards, 
practice what to say, 
go to class, 
give the report]",practice what to say,"practice what to say by talking about it at home
practice what to say on the phone with a friend",[10],[7],silver
build a house,"[decided to build a house, 
obtain building permit, 
gather up construction crew, 
transport building materials to site, 
lay the  foundation, 
build the frame, 
insert plumbing and electricity wiring, 
put up dry wall]",transport building materials to site,"call a moving company
move the materials yourself","[0, 2, 7]","[1, 10]",silver
learn how to make pottery,"[decided to learn how to make pottery, 
find a pottery class that is near, 
sign up to the class and pay, 
find the time and place for the class, 
attend the class, 
make a piece of pottery for final exam, 
fire the the piece of pottery for final exam]",attend the class,"try to take the class at a local community center
try to take the class online","[6, 7]","[0, 2, 5]",silver
start teaching piano lessons,"[decided to start teaching piano lessons, 
read articles on the piano, 
buy a piano, 
practice piano frequently, 
become an expert on the piano, 
create an ad, 
find a student]",buy a piano,"buy a new piano
buy a used piano","[5, 7]",[1],silver
prepare for the storm that was coming,"[decided to prepare for the storm that was coming, 
watch the weather channel, 
go to store, 
buy supplies for storm, 
go back home, 
secure house for storm]",watch the weather channel,"watch the weather channel on tv
watch the weather channel on youtube",[7],"[5, 8]",silver
wait for a bus,"[decided to wait for a bus, 
think of a destination to go to, 
lookup the bus needed to get there online, 
map out where the bus stop is, 
walk to the bus stop, 
buy a bus pass, 
collect the bus pass, 
make sure the bus is on time]",buy a bus pass,"buy a bus pass from a ticket selling machine
download a ticket selling app and buy a bus pass from your phone","[7, 8]","[0, 2]",silver
start a record label,"[decided to start a record label, 
decide on a record label name, 
look online at the county's web site, 
register as a business, 
get a bank loan, 
find a good band to sign]",register as a business,"register your business online
register your business in person in your local government office","[0, 2, 10]",[7],silver
try a new diet,"[decided to try a new diet, 
research diet plans, 
choose diet plan to follow, 
drive to store, 
purchase ingredients that follow new diet, 
drive home from store, 
prepare weekly meals that follow diet plan, 
follow new diet through week]",purchase ingredients that follow new diet,"go to the grocery store and buy the ingredients
buy the ingredients online and have them delivered to your door",[7],"[0, 2, 5]",silver
go to the school dance,"[decided to go to the school dance, 
find someone to invite to the dance, 
invite the date, 
go shopping to buy something to wear, 
learn how to dance, 
pick up date]",go shopping to buy something to wear,"go to a local store
buy a dress online",[7],"[0, 2, 5]",silver
learn to dance ballet,"[decided to learn to dance ballet, 
look for a ballet school online, 
buy ballet shoes and outfits online, 
travel to ballet school, 
practice ballet moves, 
combine ballet moves to practice full dance routine]",travel to ballet school,"take public transport to ballet school
ask for a ride from a friend or a family member","[5, 10]","[1, 2, 6]",silver
take a vacation this year,"[decided to take a vacation this year, 
save up money for vacation, 
research vacation spots, 
choose a vacation spot, 
choose a time to take off work, 
request time off of work]",choose a time to take off work,"take a vacation on your company's time
take a vacation on your own time",[7],"[3, 6, 10]",silver
hold a lemonade sale,"[decided to hold a lemonade sale, 
go to the store, 
buy ingredients for lemonade, 
drive back home, 
make the lemonade, 
make a stand for the lemonade, 
set everything up outside]",make a stand for the lemonade,"buy a cardboard stand
build your own stand","[0, 2, 7, 9]","[1, 3]",silver
learn how to play card games,"[decided to learn how to play card games, 
look up card games online, 
purchase a book regarding a specific card game, 
purchase a set of cards, 
wait for the book and cards to be delivered, 
open the book]",purchase a set of cards,"buy a brand new set of cards
buy a used set of cards","[5, 7]",[1],silver
start to eat healthy,"[decided to start to eat healthy, 
research healthy diets, 
pick out a new diet, 
make a list of groceries, 
go to the store for the groceries, 
start eating according to the diet]",pick out a new diet,"pick from the list of popular diets
pick from your own list of favorite foods",[5],"[3, 6, 7]",silver
take a cruise,"[decided to take a cruise, 
turn on computer, 
go online with a browser, 
search online for cruise package deals, 
find the best deal for the destination wanted, 
make reservations online, 
pack a suit case for the trip, 
show up on the date of departure]",pack a suit case for the trip,"pack the suit case yourself
get a travel agent to pack your suit case for you","[1, 6, 10]","[0, 2]",silver
see a movie,"[decided to see a movie, 
decide on a movie, 
buy movie tickets online, 
hurry up to where the movie is playing, 
get to the movie theater, 
watch the whole movie]",get to the movie theater,"go to the movie theater by walking
go to the movie theater by taking public transportation",[1],"[0, 2]",silver
have a water gun fight,"[decided to have a water gun fight, 
get the water gun, 
bring the water gun outside, 
turn on the water, 
fill the water gun, 
get into position]",get the water gun,"buy a water gun
borrow a water gun from a family member or a friend","[5, 6, 7, 10]",[1],silver
write a book,"[decided to write a book, 
prepare the work space, 
pick the topic to write about, 
create the main characters, 
map out the plot and story line of the book, 
write the book, 
send to editor for suggestions and make revisions, 
have the book published]",create the main characters,"create the characters on your own
consult people around you for advice on the main characters","[0, 2, 10]","[5, 7]",silver
